"UBIGEO","POBLACION"
"x010101",35867.9992847687
"x010102",283.000054709
"x010103",1232.999951255
"x010104",681.999776362
"x010105",628.000259511
"x010106",1978.998708557
"x010107",517.999984861001
"x010108",1286.00006771
"x010109",4253.001293629
"x010110",3871.00139550099
"x010111",838.000060924001
"x010112",913.000006794
"x010113",1454.001107082
"x010114",2334.999708403
"x010115",527.999956258
"x010116",418.999972118
"x010117",828.000022893
"x010118",320.999922269
"x010119",613.000134593
"x010120",1300.999587891
"x010121",268.000175357
"x010201",28836.00062243
"x010202",10486.995004945
"x010203",4971.99921067599
"x010204",1292.999640237
"x010205",29851.9976051669
"x010206",6753.00189291901
"x010301",1384.999859583
"x010302",324.000114446
"x010303",297.000015492
"x010304",805.000028953999
"x010305",707.999737256001
"x010306",6395.00048880496
"x010307",8059.00009170299
"x010308",221.000031462
"x010309",508.999966037
"x010310",1614.000018725
"x010311",916.999943264
"x010312",5851.00080098399
"x010401",21324.0012476982
"x010402",11657.9979583778
"x010403",16818.003712159
"x010501",2381.99947297
"x010502",7237.00263756799
"x010503",2094.999529735
"x010504",2035.000733833
"x010505",1956.999723068
"x010506",526.000040768
"x010507",901.000049705001
"x010508",900.000044957001
"x010509",4155.99935566399
"x010510",408.99996543
"x010511",796.000246153001
"x010512",3901.99979482199
"x010513",3746.000375866
"x010514",5175.00079092703
"x010515",1407.999416832
"x010516",583.999937902
"x010517",748.000297439999
"x010518",681.99970328
"x010519",458.999999999
"x010520",2056.999862556
"x010521",3207.000630029
"x010522",1347.999686708
"x010523",1430.00020912
"x010601",6203.99950211298
"x010602",2658.999474179
"x010603",623.999807589
"x010604",2801.000005017
"x010605",2503.99988398301
"x010606",1710.00029494099
"x010607",1567.999324098
"x010608",468.999949696999
"x010609",9458.00030039701
"x010610",538.999968044
"x010611",294.999981281
"x010612",3299.00023362104
"x010701",55764.007998235
"x010702",25103.9994605931
"x010703",8867.99967187097
"x010704",6385.99869851699
"x010705",7318.99805455108
"x010706",10937.001023637
"x010707",3220.00032960901
"x020101",65005.000452956
"x020102",1744.999887683
"x020103",324.000005826
"x020104",1737.000487196
"x020105",80610.0102803959
"x020106",4971.00034380801
"x020107",1130.999665604
"x020108",2496.00028476699
"x020109",1044.000511535
"x020110",4990.00058174901
"x020111",3522.00078262399
"x020112",6958.99987439193
"x020201",2130.000355849
"x020202",1719.000120645
"x020203",388.000002383
"x020204",1649.999946708
"x020205",752.000024680002
"x020301",3457.000210291
"x020302",2013.999629731
"x020303",1433.000288489
"x020304",1949.000439533
"x020305",4290.000538814
"x020306",1216.999485507
"x020401",4834.99818995
"x020402",3038.00007334599
"x020501",4060.000069567
"x020502",260.000005726
"x020503",1045.999801863
"x020504",2203.999567262
"x020505",1810.99960577
"x020506",328.000144365
"x020507",2463.999498143
"x020508",6749.00006114899
"x020509",1504.000477545
"x020510",1336.000016455
"x020511",477.999849561
"x020512",522.000035045
"x020513",971.999958863999
"x020514",519.000162717
"x020515",686.999769340999
"x020601",15859.0038843919
"x020602",2696.00021326699
"x020603",1528.00048054
"x020604",2520.00019931099
"x020605",1574.000378598
"x020606",10178.996659501
"x020607",1446.999377831
"x020608",2483.00123129199
"x020609",2955.000521197
"x020610",3607.99987293701
"x020611",3222.999215135
"x020701",11155.9986356049
"x020702",3324.00087724
"x020703",4336.000510465
"x020801",37190.0000608168
"x020802",5003.00060719902
"x020803",2242.00124621
"x020804",8680.00116845097
"x020901",1774.001150371
"x020902",403.999884482
"x020903",479.000044591
"x020904",2827.99960855399
"x020905",1080.999840498
"x020906",672.999759674
"x020907",735.000012874001
"x021001",9699.996029149
"x021002",1472.00052763
"x021003",2707.00155126901
"x021004",8509.99987494805
"x021005",1876.000365001
"x021006",1502.999534608
"x021007",3588.99816012499
"x021008",2771.99969601901
"x021009",1451.999917959
"x021010",1639.000341044
"x021011",2839.999375246
"x021012",741.000305409001
"x021013",1501.000428805
"x021014",17945.0037264531
"x021015",2662.999458805
"x021016",1368.000155576
"x021101",25590.0046684378
"x021102",816.999741664
"x021103",3304.999326013
"x021104",973.000033613004
"x021105",804.000030161
"x021201",25912.0004025599
"x021202",1062.000024425
"x021203",1419.000162461
"x021204",1716.000359641
"x021205",1970.999931094
"x021206",8476.00007555101
"x021207",6887.00013671602
"x021208",4582.998946083
"x021209",1135.99949276
"x021210",2086.999939214
"x021301",3179.00136147001
"x021302",4025.99978053
"x021303",1384.999527941
"x021304",2029.999566816
"x021305",1069.999851478
"x021306",6191.00267559298
"x021307",2901.000249881
"x021308",1035.000216965
"x021401",1283.999949553
"x021402",703.000086912
"x021403",320.99994814
"x021404",498.000083928
"x021405",1512.000254382
"x021406",1294.000398756
"x021407",300.999923939
"x021408",463.000197768
"x021409",669.999922273
"x021410",445.000089175
"x021501",2609.001101016
"x021502",1071.000176551
"x021503",7825.00000233897
"x021504",553.000133865999
"x021505",1083.000255478
"x021506",537.999825846
"x021507",630.999983421001
"x021508",2517.000151119
"x021509",4204.999294766
"x021510",1135.000094391
"x021511",2860.00119054401
"x021601",14756.001739975
"x021602",3132.001174227
"x021603",6388.99931433701
"x021604",2328.000474559
"x021701",4606.000098037
"x021702",4038.00195426299
"x021703",427.9999615
"x021704",664.000299213
"x021705",944.999964823001
"x021706",1696.000668513
"x021707",969.999613873999
"x021708",1603.000627162
"x021709",448.000008577
"x021710",2668.000794315
"x021801",213872.06679951
"x021802",4788.99995936396
"x021803",16653.0116302401
"x021804",3340.00052881199
"x021805",8311.00120604106
"x021806",14413.004354394
"x021807",4921.000134554
"x021808",21306.0012713278
"x021809",163579.039416936
"x021901",5598.99970207599
"x021902",1694.999739045
"x021903",567.000032784
"x021904",2935.99893746499
"x021905",949.999827975999
"x021906",3762.00043345001
"x021907",2447.00104819299
"x021908",2447.000227813
"x021909",6722.002122257
"x021910",1560.99995634
"x022001",21577.0000479221
"x022002",1748.000476018
"x022003",6862.9994769161
"x022004",1495.999917387
"x022005",12761.000477355
"x022006",2898.99995910701
"x022007",1955.000267048
"x022008",5601.002394887
"x030101",71259.9987104138
"x030102",1396.000395769
"x030103",1951.99991168
"x030104",17064.9961035851
"x030105",3068.99908389301
"x030106",3169.00053490801
"x030107",2927.999689592
"x030108",2678.99929129899
"x030109",11204.00508127
"x030201",43559.9815856054
"x030202",5756.999476395
"x030203",1237.999864822
"x030204",5453.99818344902
"x030205",3964.999717933
"x030206",793.000005489
"x030207",6453.00094391397
"x030208",3618.00048054502
"x030209",8681.00005207403
"x030210",2317.999670372
"x030211",910.999968407
"x030212",3047.00019287001
"x030213",21914.9925900669
"x030214",1693.999768127
"x030215",8769.99643915001
"x030216",19251.0005062431
"x030217",1964.998948825
"x030218",3815.00019089499
"x030219",1875.99910593
"x030220",4185.999926685
"x030301",2924.99929510701
"x030302",576.999964713
"x030303",1908.999912135
"x030304",1787.99964176
"x030305",2401.99920665001
"x030306",1099.000416875
"x030307",1160.999594072
"x030401",5073.99950583401
"x030402",621.000044706
"x030403",988.999900339
"x030404",1972.000392699
"x030405",729.00007273
"x030406",2754.999192047
"x030407",484.0001309
"x030408",780.999988444
"x030409",1613.000351807
"x030410",1065.999855387
"x030411",798.999854444
"x030412",1156.00033344
"x030413",745.000072952001
"x030414",1948.99949649
"x030415",2407.000008472
"x030416",1346.999621541
"x030417",1027.00045777
"x030501",10756.996339215
"x030502",4106.99950087201
"x030503",6967.00151680205
"x030504",9948.99996235999
"x030505",6180.00074495599
"x030506",15018.002576823
"x030601",5534.99967855899
"x030602",10746.004188065
"x030603",1823.999515785
"x030604",6979.000345979
"x030605",7208.00021590101
"x030606",2478.999983416
"x030607",2819.999886033
"x030608",4256.00051214401
"x030609",2822.001195321
"x030610",1802.000618
"x030611",1051.000437621
"x030701",5314.000617735
"x030702",2043.00022936
"x030703",2926.99965086
"x030704",1437.000559916
"x030705",903.999853847
"x030706",971.000113593
"x030707",837.999988078
"x030708",3119.00019002
"x030709",287.999994755
"x030710",592.999914397
"x030711",666.999991652999
"x030712",1302.000011576
"x030713",705.000017774
"x030714",1286.999392986
"x040101",57847.0005164074
"x040102",88055.9791449731
"x040103",99967.9919614808
"x040104",207113.863462295
"x040105",14046.9976984009
"x040106",3127.998747859
"x040107",52425.9992558541
"x040108",35943.0200427767
"x040109",63899.0264623785
"x040110",62895.0034863515
"x040111",5207.999725196
"x040112",135922.925812119
"x040113",493.000172974
"x040114",930.999984363001
"x040115",5042.99955085902
"x040116",4510.999067532
"x040117",25611.989205807
"x040118",691.000094894
"x040119",1490.000422494
"x040120",770.999974726
"x040121",6961.99981272298
"x040122",78761.9972890175
"x040123",17101.9998978269
"x040124",15391.0000829714
"x040125",4198.00192993905
"x040126",26511.9972365921
"x040127",1457.99977922
"x040128",36454.9975064555
"x040129",84251.0005799074
"x040201",13568.9960659449
"x040202",4690.00110522102
"x040203",7609.99955547304
"x040204",6451.00313515197
"x040205",7602.99753267501
"x040206",4285.00009765499
"x040207",1043.999946724
"x040208",16363.9954215789
"x040301",4288.999901636
"x040302",5099.99955232099
"x040303",5752.99992011602
"x040304",541.99999275
"x040305",3321.000301358
"x040306",682.000001342
"x040307",9385.00255430903
"x040308",3806.000348946
"x040309",3164.00012236799
"x040310",1654.000104666
"x040311",1546.000071179
"x040312",1968.999482173
"x040313",2032.000121727
"x040401",9249.998518903
"x040402",1101.999981062
"x040403",261.000053882
"x040404",1757.999936234
"x040405",1025.000324491
"x040406",767.000332724999
"x040407",1609.000413659
"x040408",545.999914884
"x040409",8799.99944483601
"x040410",2152.000211609
"x040411",474.000010121999
"x040412",220.999991177
"x040413",6936.00067843809
"x040414",1659.999599924
"x040501",6242.00033616299
"x040502",906.999957077
"x040503",2314.000278374
"x040504",1598.999304063
"x040505",3898.000574344
"x040506",1220.000207309
"x040507",729.000323181
"x040508",1106.000029924
"x040509",598.000068906999
"x040510",969.9998803
"x040511",788.000018599001
"x040512",755.999975561
"x040513",692.999941585999
"x040514",975.000159139001
"x040515",726.000069009999
"x040516",800.999999652999
"x040517",1601.999553904
"x040518",672.00005353
"x040519",2271.000443553
"x040520",65909.0089085451
"x040601",3525.99970616101
"x040602",710.999835971
"x040603",3473.999915788
"x040604",726.000021103
"x040605",640.999846341
"x040606",3567.00024607601
"x040607",517.000057219
"x040608",4288.00007248099
"x040701",26733.0003409889
"x040702",8823.00037211595
"x040703",7166.99955070202
"x040704",5278.99990527999
"x040705",1255.00013127
"x040706",6695.998965866
"x040801",3088.99988216001
"x040802",1974.999682541
"x040803",617.999939806
"x040804",2040.999600297
"x040805",1203.999788996
"x040806",2528.00069963801
"x040807",286.999966386
"x040808",346.999970674
"x040809",329.000096552
"x040810",724.000033021
"x040811",604.999967831999
"x050101",103514.959234262
"x050102",8087.99580562903
"x050103",4600.000723843
"x050104",29459.0004843393
"x050105",6154.000134767
"x050106",5701.99919175699
"x050107",3295.99977589201
"x050108",5384.99993313201
"x050109",1477.999615562
"x050110",50325.0015194781
"x050111",1515.000050802
"x050112",6327.99988496997
"x050113",5504.00014400698
"x050114",14900.994822463
"x050115",19480.0018179979
"x050116",29229.9990459108
"x050201",6008.00219659697
"x050202",8905.99949997904
"x050203",8146.00015278399
"x050204",2167.00019012301
"x050205",4407.99985209801
"x050206",3176.999598755
"x050301",3238.99950556
"x050302",1915.999705916
"x050303",1392.000311615
"x050304",2181.000017759
"x050401",41614.9902699399
"x050402",1260.000182269
"x050403",4400.00000883598
"x050404",2838.000264319
"x050405",5989.99992798701
"x050406",4074.999618867
"x050407",11915.004162853
"x050408",11058.0012727902
"x050409",3938.00025208899
"x050410",3861.000510348
"x050411",2692.000225697
"x050412",2261.999648558
"x050501",11167.998819736
"x050502",8495.99981443103
"x050503",10038.000841611
"x050504",1738.000345588
"x050505",4545.00014146201
"x050506",1337.000032889
"x050507",12376.9968578841
"x050508",10667.007174771
"x050509",10459.0044640011
"x050510",4501.00051664097
"x050511",1126.999851742
"x050601",14438.992360754
"x050602",2963.001547928
"x050603",2192.998829299
"x050604",1797.000139706
"x050605",2302.999436247
"x050606",2702.000000132
"x050607",1732.00009357
"x050608",1721.000120643
"x050609",1181.99994708
"x050610",960.000108595001
"x050611",2896.999947664
"x050612",2452.999866123
"x050613",2041.000240549
"x050614",851.000020390002
"x050615",1850.000009067
"x050616",1022.999685881
"x050617",2785.000579724
"x050618",1001.000200885
"x050619",4987.00053980601
"x050620",827.999999765001
"x050621",1378.999595889
"x050701",13851.9991909811
"x050702",2334.000165018
"x050703",1767.000269071
"x050704",669.999981394999
"x050705",6548.00097724799
"x050706",2176.000333201
"x050707",548.000035282
"x050708",1224.000297085
"x050801",3316.99879385501
"x050802",495.999971872
"x050803",468.999980093
"x050804",2078.99951017299
"x050805",652.000024904
"x050806",1525.000254883
"x050807",438.999934071
"x050808",312.000039337
"x050809",232.999948615
"x050810",537.000004167
"x050901",2615.998962852
"x050902",346.999999169
"x050903",505.999964965
"x050904",515.000052449
"x050905",390.000045896
"x050906",1311.000343813
"x050907",582.999960072
"x050908",843.999957557
"x050909",1047.999726898
"x050910",625.000027897
"x050911",1059.000213531
"x051001",1975.999832625
"x051002",1582.999987974
"x051003",660.999965791
"x051004",482.999925973
"x051005",4012.999161793
"x051006",1176.999492764
"x051007",1057.999690284
"x051008",1137.999662764
"x051009",1338.000441077
"x051010",2188.999726157
"x051011",2692.00033880501
"x051012",2496.999940868
"x051101",6835.001977287
"x051102",935.999921073999
"x051103",869.999963037
"x051104",1765.999875251
"x051105",1429.999755616
"x051106",1212.999546447
"x051107",1114.999668959
"x051108",4004.000451364
"x060101",231243.022395316
"x060102",8484.00001855898
"x060103",3877.998547327
"x060104",7264.00255347097
"x060105",20568.001678059
"x060106",16064.0001137691
"x060107",6225.00015184008
"x060108",48601.9785836397
"x060109",8847.99937228999
"x060110",3769.00013554299
"x060111",10085.004583592
"x060112",4563.99915051399
"x060201",32650.9966083825
"x060202",25109.0050241592
"x060203",14749.004868922
"x060204",8120.99896640407
"x060301",28005.0000042212
"x060302",2762.00145305699
"x060303",7449.000875803
"x060304",11279.004675948
"x060305",477.000075818
"x060306",2756.998942623
"x060307",4077.999642623
"x060308",5907.00005486502
"x060309",7898.99993348605
"x060310",5504.00069119502
"x060311",1116.000729331
"x060312",6990.000173049
"x060401",49863.014042071
"x060402",3384.99973107099
"x060403",3700.999957056
"x060404",3799.999260525
"x060405",2379.000326982
"x060406",2467.000210066
"x060407",5959.99998165701
"x060408",6008.99985894201
"x060409",8712.99885957206
"x060410",11746.0006738051
"x060411",7480.99686745302
"x060412",3359.000144504
"x060413",4701.99822367302
"x060414",1281.00008904
"x060415",8849.00070422801
"x060416",995.000451452
"x060417",17007.991707795
"x060418",896.999999171001
"x060419",9788.00044992799
"x060501",8131.00016637893
"x060502",2810.99992572901
"x060503",1422.999964709
"x060504",2844.998839502
"x060505",3569.00026389999
"x060506",1056.999555252
"x060507",2609.00055311301
"x060508",7086.99786371805
"x060601",51308.9743552133
"x060602",9721.99917655103
"x060603",3317.000467756
"x060604",2618.00008076199
"x060605",4087.99972865902
"x060606",5288.00024063802
"x060607",13911.0035104521
"x060608",4442.00163169801
"x060609",1899.999940376
"x060610",3153.00055164701
"x060611",2757.99961808499
"x060612",5070.99702935897
"x060613",7686.99921084902
"x060614",9406.001166166
"x060615",1163.000035834
"x060701",65204.9987540809
"x060702",3050.99940609901
"x060703",16223.0014240687
"x060801",100920.015995951
"x060802",16081.9988091318
"x060803",10260.001387503
"x060804",10663.0039477111
"x060805",8651.0011451291
"x060806",4547.00059303297
"x060807",9079.00366121901
"x060808",6856.00023031101
"x060809",7515.00298930799
"x060810",4882.000549183
"x060811",7749.00278717793
"x060812",10630.0033187059
"x060901",38134.9986170007
"x060902",15316.0020503059
"x060903",18857.994953656
"x060904",20538.0143291308
"x060905",9922.00326144102
"x060906",19372.0012389457
"x060907",19333.0005324109
"x061001",21014.9891951679
"x061002",3095.999809141
"x061003",2850.999353154
"x061004",5460.99935091001
"x061005",1995.000447952
"x061006",3710.999998875
"x061007",13023.0086325539
"x061101",14269.0062364811
"x061102",1367.999225146
"x061103",4286.002052789
"x061104",2901.00045512601
"x061105",1703.998718613
"x061106",2220.999625791
"x061107",4708.99987459699
"x061108",1368.000066638
"x061109",3470.00045133
"x061110",2303.999812383
"x061111",3863.999723807
"x061112",2816.00018107
"x061113",3219.00015198401
"x061201",13352.0060123539
"x061202",4573.00066951301
"x061203",997.999983418999
"x061204",3649.00051376099
"x061301",9791.00112803103
"x061302",1383.999952215
"x061303",9731.99949032501
"x061304",3535.99987873901
"x061305",2437.99966675
"x061306",2162.999767592
"x061307",4049.99981711998
"x061308",1501.999494701
"x061309",446.000004172
"x061310",1320.999905735
"x061311",2959.000010243
"x070101",479418.116181887
"x070102",77679.0016891626
"x070103",44376.9998462734
"x070104",62387.0017527532
"x070105",3926.00006722001
"x070106",331118.997429936
"x070107",48047.0034073524
"x080101",124706.97810626
"x080102",2410.99989284799
"x080103",2644.000369529
"x080104",61138.997781572
"x080105",120063.069743559
"x080106",100123.997290166
"x080107",5938.000017075
"x080108",61467.9861277119
"x080201",4779.00140688798
"x080202",2952.99944007399
"x080203",2395.000114907
"x080204",1203.000378482
"x080205",7767.99737153801
"x080206",2094.999035983
"x080207",3484.998441157
"x080301",23431.9962882982
"x080302",7598.00353421594
"x080303",2588.999705696
"x080304",4428.00022138099
"x080305",4864.998758771
"x080306",8050.99969635601
"x080307",3376.999719246
"x080308",3250.999695322
"x080309",3762.000369904
"x080401",22560.9988828959
"x080402",3664.999428047
"x080403",5845.99960075497
"x080404",6570.99972507295
"x080405",11143.9963921489
"x080406",5975.99999005
"x080407",4758.00037492502
"x080408",9780.99995484402
"x080501",9366.99851703103
"x080502",5589.99987873794
"x080503",5247.99951676101
"x080504",2205.00047287101
"x080505",5685.00058436102
"x080506",1924.00051188999
"x080507",2777.999683716
"x080508",2688.99978411
"x080601",62747.0031524482
"x080602",5152.99916800801
"x080603",5059.99991725801
"x080604",10554.002980593
"x080605",8090.99954857403
"x080606",4581.999553337
"x080607",2846.000364792
"x080608",5493.997652204
"x080701",23204.9999780319
"x080702",4220.99995495103
"x080703",6750.00023312802
"x080704",7423.00095872898
"x080705",12556.7212985599
"x080706",4697.99969289299
"x080707",4078.99986363898
"x080708",8332.276513432
"x080801",37186.9975977064
"x080802",937.000022535001
"x080803",10929.0007258911
"x080804",1103.999296901
"x080805",5162.99855486605
"x080806",3015.999645927
"x080807",1765.999948256
"x080808",2094.000724095
"x080901",30861.9869160756
"x080902",27152.9925000643
"x080903",5581.99861755502
"x080904",4763.00034688703
"x080905",4931.99969101298
"x080906",15224.000047455
"x080907",18722.0012611091
"x080908",7003.00010414706
"x080909",10944.0027856019
"x080910",25366.0004038929
"x080911",4891.99973994402
"x080912",2321.000359302
"x080913",2315.000007987
"x080914",7622.00040739398
"x081001",3486.00017934599
"x081002",3266.999923694
"x081003",3265.00030195401
"x081004",1017.999576938
"x081005",5180.00001703198
"x081006",5972.00010710403
"x081007",2161.99946437
"x081008",1089.000001892
"x081009",2057.000281341
"x081101",13150.9950907158
"x081102",2935.000629408
"x081103",9546.000673037
"x081104",9069.00075165598
"x081105",7666.99978872094
"x081106",4871.99994289098
"x081201",11728.0016538931
"x081202",6485.00029711495
"x081203",2480.999661436
"x081204",3105.00018574
"x081205",14976.9974205362
"x081206",4694.999897605
"x081207",4848.000029287
"x081208",4916.99952091697
"x081209",4868.00002170704
"x081210",17465.9906112457
"x081211",10280.99628615
"x081212",11555.9989149789
"x081301",22406.0073405544
"x081302",11652.0020524599
"x081303",6011.99993342103
"x081304",5613.999704668
"x081305",6667.99997018895
"x081306",11380.998874948
"x081307",3341.99978510199
"x090101",40745.0169585369
"x090102",2147.999240283
"x090103",18917.991225918
"x090104",897.999691261001
"x090105",1189.999953514
"x090106",1955.000302054
"x090107",689.999982959
"x090108",897.000005603
"x090109",773.000230320001
"x090110",1002.00042295
"x090111",525.999828337
"x090112",1031.000147706
"x090113",1804.999162181
"x090114",2094.000053107
"x090115",523.999967693
"x090116",1997.999543884
"x090117",20847.0011598763
"x090118",16084.995519379
"x090119",6573.00033115198
"x090201",9398.00448219993
"x090202",3351.999608192
"x090203",4935.99902680801
"x090204",1942.001259204
"x090205",1612.000575305
"x090206",10903.004567964
"x090207",3024.000700467
"x090208",5157.000615968
"x090301",24722.0052844761
"x090302",7455.99947927299
"x090303",641.999993023
"x090304",3123.99815320799
"x090305",994.000083069999
"x090306",3764.999139488
"x090307",1401.00015664
"x090308",1150.000124216
"x090309",1799.999832806
"x090310",2453.999491935
"x090311",1516.000081883
"x090312",3202.999894629
"x090401",3126.000120896
"x090402",1029.000333673
"x090403",1559.999720235
"x090404",966.000500697001
"x090405",940.000008597
"x090406",750.999980225001
"x090407",984.000392674
"x090408",409.000017285
"x090409",1225.999951615
"x090410",712.000187386
"x090411",944.000016333998
"x090412",684.000046269
"x090413",1560.000504326
"x090501",5402.999862219
"x090502",5774.99967825896
"x090503",2077.999602161
"x090504",2548.00064443299
"x090505",1131.000583343
"x090506",3519.000920472
"x090507",4678.00037321301
"x090508",788.000051609
"x090509",3572.99980784699
"x090510",1972.000313738
"x090511",3084.000886094
"x090601",2288.000666004
"x090602",805.000066635
"x090603",1061.999681526
"x090604",467.999971507001
"x090605",883.000057989
"x090606",864.999933243
"x090607",2975.00106576999
"x090608",1094.000172154
"x090609",728.000069266
"x090610",1438.00027245
"x090611",954.999931868001
"x090612",1107.999727869
"x090613",1817.99995619201
"x090614",395.999899867
"x090615",787.999982348001
"x090616",718.999988539
"x090701",10420.99509684
"x090702",3461.99958860399
"x090703",3717.000309961
"x090704",4070.00132882701
"x090705",11859.000599423
"x090706",9611.00009534897
"x090707",3386.99893791401
"x090709",3168.000433179
"x090710",1548.999704474
"x090711",5426.998934573
"x090713",761.999871259
"x090714",4072.99790965199
"x090715",2835.00011347701
"x090716",1947.000415692
"x090717",4927.00040675201
"x090718",3210.99975396599
"x090719",4166.00045338599
"x090720",2529.000259512
"x090721",1376.99968781
"x090722",2061.999949461
"x090723",1612.000563038
"x100101",92845.9999225886
"x100102",85304.9975508739
"x100103",13411.000433515
"x100104",17278.9980721261
"x100105",4672.00053620699
"x100106",3721.99932281899
"x100107",4939.000899179
"x100108",2838.999640012
"x100109",21328.9876945273
"x100110",1600.999905891
"x100111",44775.9915352444
"x100112",5374.99948863503
"x100113",8524.99951483102
"x100201",21889.994393423
"x100202",2647.000018826
"x100203",1824.99970835
"x100204",4733.99975525602
"x100205",8145.00286411308
"x100206",1635.000351734
"x100207",9397.99987846701
"x100208",3596.99951481799
"x100301",6987.99852900001
"x100307",3498.99951302999
"x100311",5990.99896718001
"x100313",5804.00163572199
"x100316",1262.999783221
"x100317",5581.001017499
"x100321",1751.999991042
"x100322",1883.999700254
"x100323",2387.000354693
"x100401",6018.99937576801
"x100402",2802.999667377
"x100403",1665.999992847
"x100404",6699.99918101501
"x100501",14050.99968835
"x100502",1407.000497632
"x100503",3976.999572458
"x100504",6043.99665600003
"x100505",1493.000301964
"x100506",3211.00063388601
"x100507",13312.0032821131
"x100508",2056.999920206
"x100509",4288.999925418
"x100510",3239.99991153801
"x100511",1887.000010758
"x100601",55338.0012665327
"x100602",6843.00152482201
"x100603",3724.99961820501
"x100604",23205.9893781179
"x100605",9329.99682754205
"x100606",10818.9966100281
"x100607",3921.00169926301
"x100608",13594.011389933
"x100609",4473.99994592202
"x100610",2752.00036384
"x100701",15274.9914729399
"x100702",5857.99992207898
"x100703",2204.99968424301
"x100704",2972.00042688999
"x100705",2381.99938221101
"x100801",18562.99856052
"x100802",10912.9997353041
"x100803",11227.0035029941
"x100804",11937.9937289841
"x100901",10249.996075443
"x100902",7767.99730685601
"x100903",4969.000620618
"x100904",6219.00134070404
"x100905",6626.99868417202
"x101001",4361.99901922699
"x101002",2085.999641251
"x101003",1062.000126898
"x101004",1055.000015562
"x101005",3797.999904302
"x101006",1355.999699058
"x101007",6237.00137643402
"x101101",5014.99999348999
"x101102",1223.999685302
"x101103",1163.999640535
"x101104",5020.00084021503
"x101105",1159.999665656
"x101106",4121.99962573701
"x101107",1191.999831982
"x101108",2146.00016487
"x110101",155246.927404648
"x110102",41583.0023560788
"x110103",22881.996985681
"x110104",4683.001884473
"x110105",7582.99671800103
"x110106",56767.0168184666
"x110107",6639.99991639299
"x110108",26733.9983083001
"x110109",7385.00335902005
"x110110",14513.997992563
"x110111",28636.9956276128
"x110112",28594.9999674849
"x110113",4834.00042941901
"x110114",1202.000578058
"x110201",71579.0243774713
"x110202",8085.003889134
"x110203",2109.999869692
"x110204",13786.9973129291
"x110205",13172.9989886151
"x110206",26507.0059473119
"x110207",67054.0003181859
"x110208",1259.000474468
"x110209",1032.000054597
"x110210",30286.0100015209
"x110211",6011.99971703205
"x110301",28412.0032709714
"x110302",2080.999894366
"x110303",3366.000850084
"x110304",16466.002881414
"x110305",21604.99224786
"x110401",8212.00065243004
"x110402",1649.999597184
"x110403",2836.000622889
"x110404",1019.000085126
"x110405",364.000008461
"x110501",71518.9978479809
"x110502",1479.000183455
"x110503",5639.00028762298
"x110504",13776.005933524
"x110505",7516.00173768797
"x110506",15038.9928115659
"x110507",26042.998343677
"x110508",18099.995105962
"x120101",121495.025121629
"x120104",526.999942419
"x120105",990.00012225
"x120106",778.999729866999
"x120107",94847.9983443088
"x120108",1548.999860767
"x120111",2074.000189287
"x120112",1070.999738699
"x120113",1416.000076266
"x120114",169038.881002809
"x120116",1413.000321213
"x120117",5483.00057942399
"x120119",25971.9971760031
"x120120",867.000006490999
"x120121",10245.998957473
"x120122",2484.99999763301
"x120124",5526.99983983401
"x120125",21237.001853983
"x120126",5006.000730967
"x120127",1926.000399111
"x120128",4015.00078182699
"x120129",16483.0043064839
"x120130",12228.003520597
"x120132",5737.99990247699
"x120133",22115.993944451
"x120134",17778.996831606
"x120135",6696.00088493099
"x120136",2740.99932362001
"x120201",16169.00282158
"x120202",1693.99973358
"x120203",3715.00014823999
"x120204",2725.99975288399
"x120205",2011.000187038
"x120206",5778.00038929901
"x120207",1028.000129571
"x120208",1527.999715618
"x120209",1466.999919537
"x120210",6039.00245980697
"x120211",1455.000388433
"x120212",2360.000292369
"x120213",4945.000441685
"x120214",5827.00052160297
"x120215",2090.999541427
"x120301",28352.9855510808
"x120302",58922.9817139072
"x120303",44045.9999817433
"x120304",4396.999977054
"x120305",28508.005567361
"x120306",1852.999638145
"x120401",19119.9981775661
"x120402",6485.00061207998
"x120403",4637.99975747599
"x120404",1352.000328549
"x120405",1700.000252705
"x120406",1504.000991691
"x120407",2704.001130059
"x120408",1711.000367405
"x120409",1075.999978057
"x120410",2139.00004446
"x120411",593.999745599
"x120412",773.000050487
"x120413",1614.999767007
"x120414",1205.000048013
"x120415",1546.999702074
"x120416",1850.999759997
"x120417",770.000071865
"x120418",1645.000079279
"x120419",1773.999543906
"x120420",1051.999419749
"x120421",2374.00010896
"x120422",938.000163610001
"x120423",1523.000932215
"x120424",1284.999906242
"x120425",1212.000809963
"x120426",1506.000285926
"x120427",1346.000157642
"x120428",2674.999880897
"x120429",723.999952207999
"x120430",3224.00038489599
"x120431",4248.00013159299
"x120432",1066.000211524
"x120433",1150.000310123
"x120434",9862.00216613492
"x120501",11393.998683648
"x120502",6863.99755600398
"x120503",1276.000939486
"x120504",4424.999777933
"x120601",41049.9961730271
"x120602",6247.99910173301
"x120603",6935.999832388
"x120604",40210.9872584556
"x120605",4089.99964557704
"x120606",60883.0022273354
"x120607",32304.0021399515
"x120608",29130.9982725134
"x120609",4764.99992303401
"x120701",50471.0015076135
"x120702",10064.998080302
"x120703",2000.999333042
"x120704",10690.998816831
"x120705",3673.000329562
"x120706",5975.00355641301
"x120707",3659.00021148999
"x120708",3703.999069973
"x120709",4713.99734271998
"x120801",14510.996531748
"x120802",707.000097328001
"x120803",2040.001061442
"x120804",858.000209742002
"x120805",5221.99966964398
"x120806",1679.999357619
"x120807",1134.000159072
"x120808",9059.99987061802
"x120809",742.000112509
"x120810",5499.99978507701
"x120901",21389.00299478
"x120902",6694.00262626999
"x120903",4687.999937387
"x120904",3161.00064215
"x120905",9246.99936510411
"x120906",2314.000905584
"x120907",2787.999681058
"x120908",2813.000086196
"x120909",2769.000141618
"x130101",328664.01990006
"x130102",203936.129719091
"x130103",38025.0046505021
"x130104",74772.9750088603
"x130105",203775.886758153
"x130106",40035.9975420091
"x130107",39065.9968711455
"x130108",3792.999936632
"x130109",20196.999169029
"x130110",4349.99990077202
"x130111",71865.0009738461
"x130201",6763.000364561
"x130202",15565.0016533129
"x130203",9697.00256702801
"x130204",2661.99981296801
"x130205",27129.996904861
"x130206",9011.00114651295
"x130207",19561.0092829939
"x130208",29283.0049305681
"x130301",4878.99832621799
"x130302",3174.999843137
"x130303",2118.99961650901
"x130304",2298.000240802
"x130305",2444.999624024
"x130306",895.000409712999
"x130401",47371.0012186865
"x130402",22747.9910199009
"x130403",12452.0024786352
"x130501",12577.9912466291
"x130502",5231.998920679
"x130503",6827.999879846
"x130504",6159.99964818598
"x130601",26038.997477591
"x130602",10092.998356119
"x130604",2626.00177027499
"x130605",4225.000005117
"x130606",659.000040179999
"x130608",2881.00056910301
"x130610",554.999799375
"x130611",6403.000377726
"x130613",7549.99846256701
"x130614",23220.9855640838
"x130701",18305.9991192632
"x130702",41810.9973317639
"x130703",4258.00146280701
"x130704",30239.0092994668
"x130705",12205.004103281
"x130801",13641.0007566801
"x130802",4078.99947630399
"x130803",12637.9959451819
"x130804",6391.99939336603
"x130805",1228.000565175
"x130806",3778.99997255101
"x130807",1401.000389721
"x130808",19738.005494689
"x130809",9824.99732326402
"x130810",1789.999606211
"x130811",2350.999307255
"x130812",2979.999915567
"x130813",2194.0004351
"x130901",72264.006628474
"x130902",18577.0021562339
"x130903",9607.00448587697
"x130904",8522.99993119001
"x130905",11823.9996818189
"x130906",14228.0058353218
"x130907",9585.99969779296
"x130908",13762.9984774272
"x131001",19897.008756858
"x131002",5096.99998225499
"x131003",5850.000699115
"x131004",1834.00053511199
"x131005",2458.000686604
"x131006",13516.99740248
"x131007",3029.00063849101
"x131008",3625.00038372298
"x131101",14054.0037776131
"x131102",4947.000227126
"x131103",2490.99953889
"x131104",6669.999723369
"x131201",55059.0004165954
"x131202",34424.9960406356
"x131203",7206.99911206999
"x140101",277924.978851314
"x140102",18868.992634593
"x140103",12368.004716215
"x140104",2357.999679774
"x140105",161986.961284085
"x140106",92796.9744271773
"x140107",10335.9939102429
"x140108",33628.9824068944
"x140109",2473.00027126
"x140110",8528.00033294697
"x140111",13040.005054178
"x140112",46764.0109617877
"x140113",16304.9964048209
"x140114",12989.9936772929
"x140115",12197.001891035
"x140116",15354.002707896
"x140117",23715.0028238908
"x140118",25733.00043669
"x140119",8926.99975768499
"x140120",28951.0034454609
"x140201",35992.9954478138
"x140202",12203.9990802926
"x140203",14673.000278094
"x140204",4087.998265445
"x140205",21205.9955748236
"x140206",14844.997413279
"x140301",74892.9742914672
"x140302",1469.000283261
"x140303",9244.00395170201
"x140304",18579.9971032263
"x140305",19072.0032186142
"x140306",51271.0044032113
"x140307",31094.9985677107
"x140308",50250.9928291125
"x140309",8228.00138988798
"x140310",13239.9986726872
"x140311",16128.003921922
"x140312",23095.0019197083
"x150101",273142.08350983
"x150102",67232.0162325177
"x150103",624171.985377992
"x150104",35378.9955479633
"x150105",90413.9964931361
"x150106",350988.940681379
"x150107",43400.0184130146
"x150108",339701.182687765
"x150109",35883.9993489861
"x150110",553536.923571029
"x150111",212164.953541391
"x150112",219163.028368052
"x150113",77955.0062309852
"x150114",153614.068240236
"x150115",189083.054506099
"x150116",58460.0066414186
"x150117",343877.876797505
"x150118",256294.020546885
"x150119",97502.9695554867
"x150120",61655.9970281044
"x150121",89199.0019459355
"x150122",103090.048698535
"x150123",121981.974188979
"x150124",15125.003756946
"x150125",354350.967378691
"x150126",16796.9952585469
"x150127",7505.99978673698
"x150128",179010.920067795
"x150129",8005.00036714401
"x150130",121792.997756462
"x150131",65332.9961964787
"x150132",1114318.76648251
"x150133",401097.85272165
"x150134",55418.0031669985
"x150135",704998.995787598
"x150136",162589.01367554
"x150137",213072.017407626
"x150138",1048.99988831
"x150139",29271.013642909
"x150140",378978.004968567
"x150141",97651.9962738749
"x150142",414000.063807335
"x150143",424064.00646638
"x150201",73645.9825842082
"x150202",23599.0060706132
"x150203",18747.9986083663
"x150204",25691.9989359281
"x150205",13701.996658514
"x150301",2221.000504838
"x150302",923.999587298001
"x150303",1825.999483093
"x150304",1052.000107401
"x150305",1045.999952081
"x150401",2517.000282864
"x150402",644.000021580999
"x150403",751.99990916
"x150404",837.000019657
"x150405",952.000071758001
"x150406",607.999841819999
"x150407",6298.002517381
"x150501",59602.0008567718
"x150502",10225.003403327
"x150503",2500.999583995
"x150504",8707.00001967102
"x150505",22535.997626835
"x150506",1095.000325541
"x150507",40257.0088719185
"x150508",4413.999597741
"x150509",34213.0049117421
"x150510",27439.9987880956
"x150511",1779.000675068
"x150512",16543.010023054
"x150513",4642.99942383202
"x150514",13630.996960995
"x150515",3210.00095707201
"x150516",1457.00012350399
"x150601",107025.957153487
"x150602",751.000257246999
"x150603",975.999995252
"x150604",21044.0038404658
"x150605",61618.0221253232
"x150606",2253.000477326
"x150607",366.000192289
"x150608",1135.999643083
"x150609",691.999932772
"x150610",867.999944921
"x150611",793.000204557
"x150612",439.999910235
"x150701",4396.99816984199
"x150702",1347.999886042
"x150703",871.000300056
"x150704",365.99995518
"x150705",4045.00097304699
"x150706",480.000065921
"x150707",648.999969604
"x150708",926.000309474999
"x150709",1412.000357984
"x150710",681.000369424
"x150711",949.000142218001
"x150712",704.999989976
"x150713",1510.999582285
"x150714",6900.99980122697
"x150715",1433.999694814
"x150716",1020.999663359
"x150717",1279.999512684
"x150718",1281.000869876
"x150719",744.99965978
"x150720",396.999958163001
"x150721",1306.000322944
"x150722",4456.99985952101
"x150723",1531.000124385
"x150724",1014.999846338
"x150725",225.99999333
"x150726",687.999996658
"x150727",2745.000307832
"x150728",13662.9981289491
"x150729",344.000016342
"x150730",452.999956256
"x150731",3468.99871561701
"x150732",1558.000855908
"x150801",69421.0184701717
"x150802",2324.000111438
"x150803",8318.000878916
"x150804",1011.000436773
"x150805",29672.00227056
"x150806",37162.0067023823
"x150807",2058.00099720199
"x150808",1693.000141212
"x150809",822.000017647
"x150810",38678.9979107405
"x150811",25208.9956230781
"x150812",27227.9977480414
"x150901",12764.00769902
"x150902",601.000005836
"x150903",621.999943255
"x150904",1171.000669726
"x150905",919.000017878999
"x150906",2678.999677402
"x151001",1582.000406746
"x151002",1563.000043983
"x151003",1257.000175343
"x151004",595.000181909
"x151005",472.000186086
"x151006",560.000003459
"x151007",183.000093466
"x151008",1144.000025382
"x151009",877.000275954001
"x151010",241.999976523
"x151011",1225.999940886
"x151012",361.99990011
"x151013",166.000004528
"x151014",630.000040539
"x151015",693.999985928999
"x151016",985.999975788999
"x151017",474.000008828
"x151018",626.000001441
"x151019",501.999986298001
"x151020",623.000049823
"x151021",263.000010852
"x151022",664.000023137
"x151023",535.000292185
"x151024",682.000054004
"x151025",476.00018907
"x151026",185.000110508
"x151027",310.999959112
"x151028",534.000031948
"x151029",538.000173681
"x151030",598.999676356
"x151031",553.999994062
"x151032",1762.999786711
"x151033",332.000059122
"x160101",160496.983062463
"x160102",3081.998905075
"x160103",14956.9924048397
"x160104",11648.0016410878
"x160105",8760.00002827401
"x160106",13691.9975052219
"x160107",16766.0050170754
"x160108",85046.9990807709
"x160110",4947.00013768497
"x160112",69607.9842246767
"x160113",138862.033364246
"x160201",92882.0003268194
"x160202",16083.9978566586
"x160205",4495.00118615001
"x160206",13420.0021430286
"x160210",4174.000904069
"x160211",6060.00093224396
"x160301",32019.9959729428
"x160302",6382.999939695
"x160303",7403.99709398689
"x160304",9820.99991175211
"x160305",13053.0008213728
"x160401",22355.9984458529
"x160402",12694.0024997678
"x160403",9927.99915374436
"x160404",12387.9960215158
"x160501",27232.0102668008
"x160502",1666.999745291
"x160503",2639.000386539
"x160504",6768.99942528794
"x160505",8384.00019630494
"x160506",4682.000341315
"x160507",3437.999931957
"x160508",665.999997041001
"x160509",955.000224103
"x160510",5024.00023699199
"x160511",2258.00137127099
"x160601",26825.0060855917
"x160602",1787.999780525
"x160603",3804.00001873399
"x160604",6325.99954404892
"x160605",15049.0069725601
"x160606",7572.00048477403
"x160701",14832.0095668551
"x160702",7611.99892880786
"x160703",9252.99959508802
"x160704",4834.99989721599
"x160705",6097.00018983199
"x160706",14069.0047006072
"x160801",4220.000063394
"x160802",602.999921428
"x160803",2817.999828589
"x160804",1451.99951441
"x170101",92705.0008553262
"x170102",13640.005348316
"x170103",14882.9943147278
"x170104",6283.00238545005
"x170201",2487.999857529
"x170202",1524.999892622
"x170203",7300.99807466083
"x170204",10069.0050981812
"x170301",2756.000415022
"x170302",6169.99991287197
"x170303",3383.99797935401
"x180101",68272.9972929969
"x180102",2495.999963892
"x180103",807.000115037999
"x180104",8923.99528804401
"x180105",1783.00014281
"x180106",6563.99935545999
"x180201",3265.999418133
"x180202",754.000008099001
"x180203",1027.999691125
"x180204",3206.999875094
"x180205",680.999816535
"x180206",604.000030153
"x180207",486.999905107
"x180208",2608.000356658
"x180209",559.00000572
"x180210",1877.000511492
"x180211",940.99992907
"x180301",68786.0082240974
"x180302",3723.99972623399
"x180303",4647.99976807601
"x190101",27418.0105602778
"x190102",4637.99941891002
"x190103",7200.999865659
"x190104",9747.99980223694
"x190105",4110.999359601
"x190106",1841.000323678
"x190107",11636.9928105791
"x190108",4746.000379443
"x190109",13029.002557073
"x190110",3462.99921882299
"x190111",7027.00257638994
"x190112",3561.00024322801
"x190113",31259.9973441714
"x190201",12060.003133174
"x190202",2135.999669448
"x190203",1616.999707104
"x190204",1870.999262797
"x190205",1442.000229242
"x190206",22633.999848711
"x190207",2468.9994557
"x190208",2058.000275469
"x190301",16565.0028707169
"x190302",5637.002110448
"x190303",6890.99996556199
"x190304",8256.99738287711
"x190305",5127.99855232799
"x190306",19697.997366372
"x190307",18763.0027715351
"x190308",15229.9986272439
"x200101",164791.028085945
"x200104",166684.032394401
"x200105",76493.9987480764
"x200107",19065.0019845129
"x200108",5453.00024560899
"x200109",39174.0076269607
"x200110",41826.0054915634
"x200111",28286.9982719522
"x200114",115877.013367591
"x200115",170692.024497245
"x200201",33482.0173120214
"x200202",21350.007752138
"x200203",2685.999652257
"x200204",5880.000826621
"x200205",6658.99949782301
"x200206",23187.9988743479
"x200207",10059.998984039
"x200208",10901.007764555
"x200209",1727.999532932
"x200210",11800.997426303
"x200301",29114.9959077998
"x200302",7756.99918280898
"x200303",11783.999262428
"x200304",37267.0103506242
"x200305",4288.00040951699
"x200306",9183.99959550799
"x200307",7493.99943418
"x200308",10858.004710358
"x200401",85456.0333890932
"x200402",9735.00322208801
"x200403",7993.99975540708
"x200404",14344.9997490829
"x200405",15457.0031416579
"x200406",8823.001130496
"x200407",6655.00126237099
"x200408",3846.00022389599
"x200409",6288.00019473197
"x200410",8862.00054646098
"x200501",93440.0014807744
"x200502",2437.000761048
"x200503",1195.000280255
"x200504",15607.998773522
"x200505",13189.0008808559
"x200506",5038.00174248801
"x200507",5801.00165253704
"x200601",179109.004701537
"x200602",37677.9974160147
"x200603",20478.993201563
"x200604",13028.00436467
"x200605",30349.9985241733
"x200606",9405.99662876298
"x200607",26875.005725969
"x200608",7190.998889753
"x200701",99551.000479204
"x200702",8411.997486123
"x200703",12832.997286242
"x200704",1381.999611245
"x200705",10996.9951525419
"x200706",13072.995026063
"x200801",45777.9799411015
"x200802",4840.999323993
"x200803",7176.00051326502
"x200804",4497.000092314
"x200805",16289.9959572899
"x200806",3030.000334738
"x210101",139095.99286385
"x210102",24254.0031916761
"x210103",3557.000337513
"x210104",4816.999483887
"x210105",7825.99951697204
"x210106",7425.99950237195
"x210107",6940.99994675095
"x210108",3301.99919583
"x210109",5324.00007133897
"x210110",4431.00220904899
"x210111",5888.99790722302
"x210112",7469.00194068401
"x210113",2648.99988632901
"x210114",1688.000151379
"x210115",2995.999597412
"x210201",30732.9988066568
"x210202",2980.00031558102
"x210203",7356.000121238
"x210204",15160.9959947469
"x210205",3115.00122083901
"x210206",6834.99900470702
"x210207",4828.00129026702
"x210208",6976.000499294
"x210209",4093.998814558
"x210210",10062.005740646
"x210211",7652.99814109592
"x210212",5100.00130777802
"x210213",3069.000359514
"x210214",4724.99989448099
"x210215",2985.000105365
"x210301",13630.9978450104
"x210302",2354.000159145
"x210303",9500.99760741903
"x210304",6880.99969570692
"x210305",4481.99992058302
"x210306",9740.99840139392
"x210307",7997.99986194207
"x210308",6173.99981267095
"x210309",7060.99841344198
"x210310",9231.99978033099
"x210401",20994.0028265551
"x210402",14265.9989371568
"x210403",9627.99919711902
"x210404",7891.000085337
"x210405",8783.99954031297
"x210406",14646.9926340851
"x210407",17812.9991069041
"x210501",49454.0008447422
"x210502",1216.000067827
"x210503",11330.9989862889
"x210504",3700.99980163401
"x210505",2699.99862755901
"x210601",19270.0037330219
"x210602",4037.99976446701
"x210603",3296.00002327399
"x210604",2750.999738671
"x210605",5310.99900863602
"x210606",4286.00001035599
"x210607",13631.00416706
"x210608",7795.99979278503
"x210701",11641.003481951
"x210702",5847.99962066003
"x210703",1690.000079534
"x210704",2472.998672851
"x210705",2422.001269794
"x210706",1930.000413903
"x210707",2902.99984068299
"x210708",5535.99965077402
"x210709",7456.00112981801
"x210710",1308.000013569
"x210801",25057.00088131
"x210802",5556.00030506
"x210803",2115.99875821
"x210804",2731.999679238
"x210805",7350.00014848906
"x210806",8815.00459529099
"x210807",8040.999113279
"x210808",6419.99666421901
"x210809",3897.00194692301
"x210901",11877.006877326
"x210902",3289.001377089
"x210903",2742.00008819901
"x210904",2601.99968410101
"x211001",14996.002301984
"x211002",12965.002076035
"x211003",2015.999035949
"x211004",5435.00000053098
"x211005",1750.999874355
"x211101",235109.984573671
"x211102",5214.999943056
"x211103",4643.999825793
"x211104",7119.00139217297
"x211105",65421.9934977729
"x211201",11420.0007222811
"x211202",5567.99850997297
"x211203",3357.99952149001
"x211204",4218.00022781001
"x211205",5853.00007792313
"x211206",2289.999804977
"x211207",4054.99857830101
"x211208",2172.99976693
"x211209",7487.001438393
"x211210",10298.0040156602
"x211301",25434.0010318662
"x211302",1835.999434113
"x211303",5010.999479715
"x211304",1386.000505548
"x211305",2899.99896098601
"x211306",974.000200973998
"x211307",1104.999690776
"x220101",81084.0045539796
"x220102",4640.00142724999
"x220103",1691.000160389
"x220104",16519.0051727521
"x220105",23082.000834855
"x220106",2893.00087553499
"x220201",17685.994475365
"x220202",8715.00020692006
"x220203",14334.0000825663
"x220204",2755.9999801
"x220205",8734.002439736
"x220206",6144.99865479702
"x220301",16176.0018786552
"x220302",2403.000193702
"x220303",12231.0023037173
"x220304",7013.00008292492
"x220305",3094.000032526
"x220401",14269.0054599339
"x220402",4684.99974329901
"x220403",2153.000248961
"x220404",4471.99978255702
"x220405",2476.000238679
"x220406",816.000097756001
"x220501",15052.001861822
"x220502",14637.9973564318
"x220503",6957.99981143492
"x220504",10345.003129167
"x220505",3350.00080445199
"x220506",9208.99986044888
"x220507",3551.99979908999
"x220508",1678.999892002
"x220509",2037.99974620001
"x220510",14238.0061126878
"x220511",5689.00036629703
"x220601",32659.996877894
"x220602",14784.9965268601
"x220603",8668.99950977698
"x220604",6190.99993012602
"x220605",5688.00050101301
"x220701",10731.0051245478
"x220702",3063.00007794299
"x220703",2137.00016928
"x220704",885.999983851
"x220705",2996.001041702
"x220706",1222.999562861
"x220707",3947.99970276701
"x220708",9670.99816322071
"x220709",3917.00066600299
"x220710",4140.000298779
"x220801",25865.0005451931
"x220802",7891.99951932305
"x220803",18013.9993763161
"x220804",44597.0054334209
"x220805",17282.9971198329
"x220806",1940.00052167199
"x220807",3723.999569302
"x220808",2694.00040477999
"x220809",3904.000542213
"x220901",80270.0271553626
"x220902",901.000031587001
"x220903",3621.00110906501
"x220904",10185.996682693
"x220905",2298.00038153
"x220906",2453.00020618901
"x220907",5302.99982291502
"x220908",3962.99968547299
"x220909",44601.0162856851
"x220910",38499.0024745762
"x220911",2139.99970378101
"x220912",1685.999769025
"x220913",7468.99971693598
"x220914",1972.000411033
"x221001",29810.0030306883
"x221002",12247.001139045
"x221003",10993.999518842
"x221004",1328.000031177
"x221005",21284.9998475268
"x230101",100612.023983187
"x230102",35186.9967620348
"x230103",3226.999833847
"x230104",33024.9979990051
"x230105",2912.99991993299
"x230106",2194.000848635
"x230107",2005.999900087
"x230108",18834.0029171419
"x230109",3351.99885946699
"x230110",116635.997486732
"x230111",6433.00176944698
"x230201",2501.99988054601
"x230202",1035.999899623
"x230203",1220.99972068
"x230204",401.999989394
"x230205",535.999998457
"x230206",753.000046019
"x230301",2531.00116396899
"x230302",6069.00020001198
"x230303",3208.00020147901
"x230401",3735.99956482101
"x230402",334.999866843
"x230403",261.000093944
"x230404",175.000004174
"x230405",370.999987843
"x230406",544.999790431
"x230407",334.000002255
"x230408",621.999996411001
"x240101",107065.992506989
"x240102",24102.989820019
"x240103",9865.99546316799
"x240104",7138.99970428598
"x240105",8613.99665327801
"x240106",4581.001997341
"x240201",12708.002168126
"x240202",2532.000180622
"x240203",6666.00017776195
"x240301",23336.9993694176
"x240302",18169.0029466508
"x240303",3435.000633065
"x240304",6482.00018125498
"x250101",162823.918625606
"x250102",17999.9982729249
"x250103",11909.0051989601
"x250104",11795.0045373668
"x250105",110138.014606406
"x250106",5560.000099429
"x250107",97828.9953297735
"x250201",37781.9965121446
"x250202",7841.0028611691
"x250203",9745.99979818266
"x250204",2222.00116277699
"x250301",34818.9983263233
"x250302",10940.996896632
"x250303",9158.00371407102
"x250304",9002.99970071604
"x250305",6084.99991243797
"x250401",3345.99887846101
